{
  "properties": {
    "connectionReferences": {
      "shared_dynamicssmbsaas_1": {
        "runtimeSource": "embedded",
        "connection": {
          "connectionReferenceLogicalName": "cd_shareddynamicssmbsaas_ae8bd"
        },
        "api": {
          "name": "shared_dynamicssmbsaas"
        }
      },
      "shared_teams_1": {
        "runtimeSource": "embedded",
        "connection": {
          "connectionReferenceLogicalName": "cd_sharedteams_e9ed7"
        },
        "api": {
          "name": "shared_teams"
        }
      }
    },
    "definition": {
      "$schema": "https://schema.management.azure.com/providers/Microsoft.Logic/schemas/2016-06-01/workflowdefinition.json#",
      "contentVersion": "1.0.0.0",
      "parameters": {
        "$connections": {
          "defaultValue": {},
          "type": "Object"
        },
        "$authentication": {
          "defaultValue": {},
          "type": "SecureObject"
        }
      },
      "triggers": {
        "When_a_business_event_occurs_(V3)": {
          "splitOn": "@triggerOutputs()?['body/value']",
          "metadata": {
            "operationMetadataId": "1b3b2f3b-4613-4101-93a9-04bd21f13fe2"
          },
          "type": "OpenApiConnectionWebhook",
          "inputs": {
            "host": {
              "apiId": "/providers/Microsoft.PowerApps/apis/shared_dynamicssmbsaas",
              "connectionName": "shared_dynamicssmbsaas_1",
              "operationId": "CreateBusinessEventSubscriptionV3"
            },
            "parameters": {
              "bcenvironment": "PRODUCTION",
              "businessevent": "OnCreditHoldSalesDocument(b680e93c-5248-47c6-bf6e-2b5876172f00)"
            },
            "authentication": "@parameters('$authentication')"
          }
        }
      },
      "actions": {
        "Get_url_(V3)": {
          "runAfter": {},
          "metadata": {
            "operationMetadataId": "4ec91249-83b5-4a09-ad13-aa9ef86275bb"
          },
          "type": "OpenApiConnection",
          "inputs": {
            "host": {
              "apiId": "/providers/Microsoft.PowerApps/apis/shared_dynamicssmbsaas",
              "connectionName": "shared_dynamicssmbsaas_1",
              "operationId": "GetUrlV3"
            },
            "parameters": {
              "bcenvironment": "@triggerOutputs()?['body/$environmentName']",
              "company": "@triggerOutputs()?['body/$companyId']",
              "page": "9097029",
              "id": "@triggerOutputs()?['body/SystemId']"
            },
            "authentication": "@parameters('$authentication')"
          }
        },
        "Post_card_in_a_chat_or_channel": {
          "runAfter": {
            "Get_adaptive_card_(V3)": [
              "Succeeded"
            ]
          },
          "metadata": {
            "operationMetadataId": "1a4daa5b-511e-47e9-aa39-484ea05109fe"
          },
          "type": "OpenApiConnection",
          "inputs": {
            "host": {
              "apiId": "/providers/Microsoft.PowerApps/apis/shared_teams",
              "connectionName": "shared_teams_1",
              "operationId": "PostCardToConversation"
            },
            "parameters": {
              "poster": "Flow bot",
              "location": "Chat with Flow bot",
              "body/recipient": "@{triggerOutputs()?['body/CreditControllerEmail']};",
              "body/messageBody": "@outputs('Get_adaptive_card_(V3)')?['body/AdaptiveCardJsonString']"
            },
            "authentication": "@parameters('$authentication')"
          }
        },
        "Get_adaptive_card_(V3)": {
          "runAfter": {
            "Get_url_(V3)": [
              "Succeeded"
            ]
          },
          "metadata": {
            "operationMetadataId": "5c3500bd-61fe-46c5-b685-25bcca46b7c5"
          },
          "type": "OpenApiConnection",
          "inputs": {
            "host": {
              "apiId": "/providers/Microsoft.PowerApps/apis/shared_dynamicssmbsaas",
              "connectionName": "shared_dynamicssmbsaas_1",
              "operationId": "GetAdaptiveCardV3"
            },
            "parameters": {
              "targeturl": "@outputs('Get_url_(V3)')?['body/WebClientUrl']",
              "targetapp": "Teams"
            },
            "authentication": "@parameters('$authentication')"
          }
        },
        "Post_a_choice_of_options_as_the_Flow_bot_to_a_user": {
          "runAfter": {
            "Post_card_in_a_chat_or_channel": [
              "Succeeded"
            ]
          },
          "metadata": {
            "operationMetadataId": "607496cb-bb9d-4549-a3c5-ffbccb07bddf"
          },
          "type": "OpenApiConnectionWebhook",
          "inputs": {
            "host": {
              "apiId": "/providers/Microsoft.PowerApps/apis/shared_teams",
              "connectionName": "shared_teams_1",
              "operationId": "SubscribeUserMessageWithOptions"
            },
            "parameters": {
              "UserMessageWithOptionsSubscriptionRequest/body/options": [
                "Release",
                "Don't Release"
              ],
              "UserMessageWithOptionsSubscriptionRequest/body/recipient/to": "@{triggerOutputs()?['body/CreditControllerEmail']};",
              "UserMessageWithOptionsSubscriptionRequest/body/messageBody": "Comments will be applied against document",
              "UserMessageWithOptionsSubscriptionRequest/body/messageTitle": "Would you like to release the current document?"
            },
            "authentication": "@parameters('$authentication')"
          }
        },
        "Condition": {
          "actions": {
            "Run_action_(V3)": {
              "runAfter": {},
              "metadata": {
                "operationMetadataId": "b7ed108e-7547-48bb-b4fe-61259fe8450a"
              },
              "type": "OpenApiConnection",
              "inputs": {
                "host": {
                  "apiId": "/providers/Microsoft.PowerApps/apis/shared_dynamicssmbsaas",
                  "connectionName": "shared_dynamicssmbsaas_1",
                  "operationId": "ExecuteProcedureV3"
                },
                "parameters": {
                  "bcenvironment": "@triggerOutputs()?['body/$environmentName']",
                  "company": "@triggerOutputs()?['body/$companyId']",
                  "dataset": "cleverDynamics/cleverCredit/v1.0",
                  "procedure": "creditHeldDocument-addComment",
                  "parameters": {
                    "comments": "@outputs('Post_a_choice_of_options_as_the_Flow_bot_to_a_user')?['body/comments']",
                    "systemId": "@triggerOutputs()?['body/SystemId']"
                  }
                },
                "authentication": "@parameters('$authentication')"
              }
            },
            "Run_action_(V3)_2": {
              "runAfter": {
                "Run_action_(V3)": [
                  "Succeeded"
                ]
              },
              "metadata": {
                "operationMetadataId": "5148dd3e-918d-4ce5-9fab-f14ac4f7bd4a"
              },
              "type": "OpenApiConnection",
              "inputs": {
                "host": {
                  "apiId": "/providers/Microsoft.PowerApps/apis/shared_dynamicssmbsaas",
                  "connectionName": "shared_dynamicssmbsaas_1",
                  "operationId": "ExecuteProcedureV3"
                },
                "parameters": {
                  "bcenvironment": "@triggerOutputs()?['body/$environmentName']",
                  "company": "@triggerOutputs()?['body/$companyId']",
                  "dataset": "cleverDynamics/cleverCredit/v1.0",
                  "procedure": "creditHeldDocument-releaseCreditHold",
                  "parameters": {
                    "systemId": "@{triggerOutputs()?['body/SystemId']}"
                  }
                },
                "authentication": "@parameters('$authentication')"
              }
            },
            "Post_message_in_a_chat_or_channel": {
              "runAfter": {
                "Run_action_(V3)_2": [
                  "Succeeded"
                ]
              },
              "metadata": {
                "operationMetadataId": "90bd937a-21b3-4409-ac3e-326a340ad043"
              },
              "type": "OpenApiConnection",
              "inputs": {
                "host": {
                  "apiId": "/providers/Microsoft.PowerApps/apis/shared_teams",
                  "connectionName": "shared_teams_1",
                  "operationId": "PostMessageToConversation"
                },
                "parameters": {
                  "poster": "Flow bot",
                  "location": "Chat with Flow bot",
                  "body/recipient": "@{triggerOutputs()?['body/CreditControllerEmail']};",
                  "body/messageBody": "<p>The document has been credit released</p>"
                },
                "authentication": "@parameters('$authentication')"
              }
            },
            "Post_message_in_a_chat_or_channel_3": {
              "runAfter": {
                "Compose": [
                  "Succeeded"
                ]
              },
              "metadata": {
                "operationMetadataId": "c073c715-f18a-4289-8977-0f849c153827"
              },
              "type": "OpenApiConnection",
              "inputs": {
                "host": {
                  "apiId": "/providers/Microsoft.PowerApps/apis/shared_teams",
                  "connectionName": "shared_teams_1",
                  "operationId": "PostMessageToConversation"
                },
                "parameters": {
                  "poster": "Flow bot",
                  "location": "Chat with Flow bot",
                  "body/recipient": "@{triggerOutputs()?['body/CreditControllerEmail']};",
                  "body/messageBody": "<p>Failed to release document <br>\n<em><br>\n</em><em>@{outputs('Compose')}</em><em></em><strong></strong></p>"
                },
                "authentication": "@parameters('$authentication')"
              }
            },
            "Compose": {
              "runAfter": {
                "Run_action_(V3)_2": [
                  "Failed"
                ]
              },
              "metadata": {
                "operationMetadataId": "a3bac9e6-5c60-4f60-a6ef-6ff261a8d6f8"
              },
              "type": "Compose",
              "inputs": "@substring(outputs('Run_action_(V3)_2')?['body/message'], 0, indexOf(outputs('Run_action_(V3)_2')?['body/message'], 'CorrelationId'))"
            }
          },
          "runAfter": {
            "Post_a_choice_of_options_as_the_Flow_bot_to_a_user": [
              "Succeeded"
            ]
          },
          "else": {
            "actions": {
              "Run_action_(V3)_3": {
                "runAfter": {},
                "metadata": {
                  "operationMetadataId": "6f74648d-b127-40b8-b665-21b1b3ec3b5e"
                },
                "type": "OpenApiConnection",
                "inputs": {
                  "host": {
                    "apiId": "/providers/Microsoft.PowerApps/apis/shared_dynamicssmbsaas",
                    "connectionName": "shared_dynamicssmbsaas_1",
                    "operationId": "ExecuteProcedureV3"
                  },
                  "parameters": {
                    "bcenvironment": "@triggerOutputs()?['body/$environmentName']",
                    "company": "@triggerOutputs()?['body/$companyId']",
                    "dataset": "cleverDynamics/cleverCredit/v1.0",
                    "procedure": "creditHeldDocument-addComment",
                    "parameters": {
                      "comments": "@outputs('Post_a_choice_of_options_as_the_Flow_bot_to_a_user')?['body/comments']",
                      "systemId": "@triggerOutputs()?['body/SystemId']"
                    }
                  },
                  "authentication": "@parameters('$authentication')"
                }
              },
              "Post_message_in_a_chat_or_channel_2": {
                "runAfter": {
                  "Run_action_(V3)_3": [
                    "Succeeded",
                    "Failed",
                    "Skipped"
                  ]
                },
                "metadata": {
                  "operationMetadataId": "5a504928-a60d-4a98-8a11-7652a59f1445"
                },
                "type": "OpenApiConnection",
                "inputs": {
                  "host": {
                    "apiId": "/providers/Microsoft.PowerApps/apis/shared_teams",
                    "connectionName": "shared_teams_1",
                    "operationId": "PostMessageToConversation"
                  },
                  "parameters": {
                    "poster": "Flow bot",
                    "location": "Chat with Flow bot",
                    "body/recipient": "@{triggerOutputs()?['body/CreditControllerEmail']};",
                    "body/messageBody": "<p>This document remains credit held</p>"
                  },
                  "authentication": "@parameters('$authentication')"
                }
              }
            }
          },
          "expression": {
            "equals": [
              "@outputs('Post_a_choice_of_options_as_the_Flow_bot_to_a_user')?['body/selectedOption']",
              "Release"
            ]
          },
          "metadata": {
            "operationMetadataId": "e5861e69-b58d-47cd-941d-c3ae64c64c5b"
          },
          "type": "If"
        }
      },
      "outputs": {}
    },
    "templateName": null
  },
  "schemaVersion": "1.0.0.0"
}